mot;nombre;type;annee
2010;11;DATE;2012-01-01
2011;41;DATE;2012-01-01
2012;123;DATE;2012-01-01
2012;123;DATE;2012-01-01
2013;48;DATE;2012-01-01
2013;48;DATE;2012-01-01
aiglun;23;LIEU;2012-01-01
annexe;12;FORME;2012-01-01
approuve;25;FORME;2012-01-01
assainissement;49;THEME;2012-01-01
avril;12;DATE;2012-01-01
bléone;14;LIEU;2012-01-01
budget;37;THEME;2012-01-01
cadre;20;FORME;2012-01-01
centre;15;THEME;2012-01-01
charge;15;FORME;2012-01-01
charles;15;NOM;2012-01-01
commission;21;FORME;2012-01-01
communauté;11;FORME;2012-01-01
commune;60;FORME;2012-01-01
communes;12;FORME;2012-01-01
compte;22;FORME;2012-01-01
conseil;113;FORME;2012-01-01
convention;32;FORME;2012-01-01
coût;12;THEME;2012-01-01
création;13;FORME;2012-01-01
daniel;15;NOM;2012-01-01
danielle;14;NOM;2012-01-01
daube;14;LIEU;2012-01-01
décisions;17;FORME;2012-01-01
délégation;17;FORME;2012-01-01
délibération;17;FORME;2012-01-01
demande;19;FORME;2012-01-01
dépenses;22;FORME;2012-01-01
digne-les-bains;19;LIEU;2012-01-01
élus;19;FORME;2012-01-01
enseignement;13;THEME;2012-01-01
entreprises;11;THEME;2012-01-01
fabienne;12;NOM;2012-01-01
favorable;41;FORME;2012-01-01
finances;13;THEME;2012-01-01
fonctionnement;12;THEME;2012-01-01
général;17;FORME;2012-01-01
gestion;21;THEME;2012-01-01
information;13;FORME;2012-01-01
intercommunalité;14;THEME;2012-01-01
janvier;46;DATE;2012-01-01
jean-pierre;29;NOM;2012-01-01
jouve;13;NOM;2012-01-01
jugy;18;NOM;2012-01-01
juillet;20;DATE;2012-01-01
juin;15;DATE;2012-01-01
locaux;12;FORME;2012-01-01
loisirs;11;THEME;2012-01-01
madame;18;FORME;2012-01-01
maire;97;FORME;2012-01-01
marché;11;THEME;2012-01-01
mars;11;DATE;2012-01-01
membres;45;FORME;2012-01-01
monsieur;103;FORME;2012-01-01
montant;33;FORME;2012-01-01
mouzard;20;NOM;2012-01-01
municipal;94;FORME;2012-01-01
myriam;18;NOM;2012-01-01
odile;19;NOM;2012-01-01
ordre;11;FORME;2012-01-01
part;16;FORME;2012-01-01
personnel;11;FORME;2012-01-01
philippe;39;NOM;2012-01-01
plan;13;THEME;2012-01-01
pouleau;21;NOM;2012-01-01
pour;188;FORME;2012-01-01
pouvoir;32;FORME;2012-01-01
pouvoirs;12;FORME;2012-01-01
présente;18;FORME;2012-01-01
présents;55;FORME;2012-01-01
principal;14;FORME;2012-01-01
prises;17;FORME;2012-01-01
propose;22;FORME;2012-01-01
protection;11;FORME;2012-01-01
public;18;FORME;2012-01-01
rapport;13;FORME;2012-01-01
recettes;14;THEME;2012-01-01
représentés;45;FORME;2012-01-01
réseau;14;THEME;2012-01-01
réseaux;28;THEME;2012-01-01
résultat;15;FORME;2012-01-01
réunion;20;FORME;2012-01-01
salado;12;NOM;2012-01-01
scolaire;15;THEME;2012-01-01
séance;20;FORME;2012-01-01
section;18;FORME;2012-01-01
sécurité;11;THEME;2012-01-01
septembre;12;DATE;2012-01-01
services;23;THEME;2012-01-01
speth;15;NOM;2012-01-01
stéphane;13;NOM;2012-01-01
subventions;12;THEME;2012-01-01
technique;18;FORME;2012-01-01
total;16;FORME;2012-01-01
toulouse;33;NOM;2012-01-01
travaux;40;THEME;2012-01-01
unanimité;66;FORME;2012-01-01
vœux;13;THEME;2012-01-01
voie;11;THEME;2012-01-01
vote;50;FORME;2012-01-01
2012;45;DATE;2013-01-01
2012;45;DATE;2013-01-01
2013;111;DATE;2013-01-01
2013;111;DATE;2013-01-01
2014;34;DATE;2013-01-01
adjoints;11;FORME;2013-01-01
aiglun;29;LIEU;2013-01-01
aménagement;13;THEME;2013-01-01
annexe;19;FORME;2013-01-01
août;12;DATE;2013-01-01
assainissement;61;THEME;2013-01-01
asse;22;LIEU;2013-01-01
association;28;THEME;2013-01-01
attribution;11;FORME;2013-01-01
autorisée;12;FORME;2013-01-01
autoriser;11;FORME;2013-01-01
avenant;20;FORME;2013-01-01
avril;22;DATE;2013-01-01
bernard;20;NOM;2013-01-01
biens;11;FORME;2013-01-01
bléone;24;LIEU;2013-01-01
bruno;20;NOM;2013-01-01
budget;37;THEME;2013-01-01
cadre;23;FORME;2013-01-01
ccabv;45;LIEU;2013-01-01
centre;18;THEME;2013-01-01
charge;11;FORME;2013-01-01
charles;15;NOM;2013-01-01
chemin;16;LIEU;2013-01-01
collectif;11;FORME;2013-01-01
collectivités;13;FORME;2013-01-01
commission;14;FORME;2013-01-01
communal;14;FORME;2013-01-01
communale;14;FORME;2013-01-01
communautaire;15;FORME;2013-01-01
communauté;20;FORME;2013-01-01
commune;63;FORME;2013-01-01
communes;25;FORME;2013-01-01
compétence;11;FORME;2013-01-01
compte;36;FORME;2013-01-01
compter;20;FORME;2013-01-01
conditions;12;FORME;2013-01-01
conseil;171;FORME;2013-01-01
contrat;18;FORME;2013-01-01
convention;41;FORME;2013-01-01
courrier;27;THEME;2013-01-01
coût;21;THEME;2013-01-01
daniel;12;NOM;2013-01-01
danielle;13;NOM;2013-01-01
date;11;FORME;2013-01-01
daube;13;LIEU;2013-01-01
décembre;18;DATE;2013-01-01
décisions;12;FORME;2013-01-01
délégation;22;FORME;2013-01-01
délibération;29;FORME;2013-01-01
délibérations;17;FORME;2013-01-01
demande;31;FORME;2013-01-01
demandé;11;FORME;2013-01-01
dépenses;25;FORME;2013-01-01
derumaux;15;NOM;2013-01-01
digne-les-bains;13;LIEU;2013-01-01
disposition;19;FORME;2013-01-01
droit;13;FORME;2013-01-01
école;11;THEME;2013-01-01
elus;13;FORME;2013-01-01
élus;15;FORME;2013-01-01
entreprises;11;THEME;2013-01-01
esmiol;12;NOM;2013-01-01
extension;22;THEME;2013-01-01
fabienne;19;NOM;2013-01-01
favorable;68;FORME;2013-01-01
finances;11;THEME;2013-01-01
général;27;FORME;2013-01-01
gestion;14;THEME;2013-01-01
information;13;FORME;2013-01-01
informe;15;FORME;2013-01-01
janvier;23;DATE;2013-01-01
jean-pierre;21;NOM;2013-01-01
jugy;14;NOM;2013-01-01
juillet;21;DATE;2013-01-01
juin;22;DATE;2013-01-01
julien;15;NOM;2013-01-01
karine;12;NOM;2013-01-01
lecture;13;FORME;2013-01-01
lors;17;FORME;2013-01-01
louis;15;NOM;2013-01-01
madame;34;FORME;2013-01-01
maire;117;FORME;2013-01-01
mairie;14;FORME;2013-01-01
marché;19;THEME;2013-01-01
membres;51;FORME;2013-01-01
mise;17;FORME;2013-01-01
modification;11;FORME;2013-01-01
monsieur;156;FORME;2013-01-01
montant;56;FORME;2013-01-01
moutet;19;LIEU;2013-01-01
multiactivités;19;LIEU;2013-01-01
municipal;141;FORME;2013-01-01
myriam;21;NOM;2013-01-01
objet;11;FORME;2013-01-01
paluts;11;LIEU;2013-01-01
part;18;FORME;2013-01-01
passage;12;FORME;2013-01-01
philippe;51;NOM;2013-01-01
place;15;LIEU;2013-01-01
plan;17;THEME;2013-01-01
pôle;24;LIEU;2013-01-01
pons;15;NOM;2013-01-01
pouleau;24;NOM;2013-01-01
pour;244;FORME;2013-01-01
pouvoir;42;FORME;2013-01-01
pouvoirs;16;FORME;2013-01-01
présente;17;FORME;2013-01-01
présents;55;FORME;2013-01-01
principal;17;FORME;2013-01-01
prises;18;FORME;2013-01-01
propose;32;FORME;2013-01-01
protection;13;FORME;2013-01-01
public;18;FORME;2013-01-01
raymond;18;LIEU;2013-01-01
recettes;15;THEME;2013-01-01
représentés;46;FORME;2013-01-01
réseau;19;THEME;2013-01-01
réseaux;17;THEME;2013-01-01
résultat;13;FORME;2013-01-01
réunion;11;FORME;2013-01-01
salado;19;NOM;2013-01-01
salle;13;THEME;2013-01-01
sarl;27;THEME;2013-01-01
schodet;16;NOM;2013-01-01
scolaire;18;THEME;2013-01-01
scolaires;14;THEME;2013-01-01
séance;27;FORME;2013-01-01
secrétaire;12;FORME;2013-01-01
section;21;FORME;2013-01-01
services;16;THEME;2013-01-01
signer;12;FORME;2013-01-01
société;16;THEME;2013-01-01
sous-traitance;14;THEME;2013-01-01
speth;15;NOM;2013-01-01
subvention;16;THEME;2013-01-01
syndicale;11;THEME;2013-01-01
total;25;FORME;2013-01-01
toulouse;22;NOM;2013-01-01
transfert;18;THEME;2013-01-01
travaux;62;THEME;2013-01-01
traversa;12;NOM;2013-01-01
unanimité;77;FORME;2013-01-01
urbanisme;20;THEME;2013-01-01
valeur;11;FORME;2013-01-01
verdon;20;LIEU;2013-01-01
vieil;14;THEME;2013-01-01
vœux;16;THEME;2013-01-01
voie;16;THEME;2013-01-01
vote;76;FORME;2013-01-01
zone;15;THEME;2013-01-01
2013;45;DATE;2014-01-01
2013;45;DATE;2014-01-01
2014;100;DATE;2014-01-01
2014-2015;13;DATE;2014-01-01
2015;18;DATE;2014-01-01
actuel;14;FORME;2014-01-01
adjoint;16;FORME;2014-01-01
adjoints;17;FORME;2014-01-01
administration;17;THEME;2014-01-01
affaires;16;FORME;2014-01-01
affaires;16;FORME;2014-01-01
aiglun;36;LIEU;2014-01-01
alpes-de-haute-provence;13;LIEU;2014-01-01
aménagement;30;THEME;2014-01-01
annexe;11;FORME;2014-01-01
appel;15;FORME;2014-01-01
article;20;FORME;2014-01-01
assainissement;28;THEME;2014-01-01
association;42;THEME;2014-01-01
audran;11;NOM;2014-01-01
avenant;16;FORME;2014-01-01
bâtiments;12;THEME;2014-01-01
bléone;20;LIEU;2014-01-01
budget;44;THEME;2014-01-01
bureau;14;FORME;2014-01-01
cadre;16;FORME;2014-01-01
catherine;11;NOM;2014-01-01
ccabv;25;LIEU;2014-01-01
centre;16;THEME;2014-01-01
charge;20;FORME;2014-01-01
charles;17;NOM;2014-01-01
code;17;FORME;2014-01-01
comité;21;FORME;2014-01-01
commission;52;FORME;2014-01-01
communal;15;FORME;2014-01-01
communale;13;FORME;2014-01-01
commune;66;FORME;2014-01-01
communes;23;FORME;2014-01-01
compte;12;FORME;2014-01-01
compter;28;FORME;2014-01-01
concernant;22;FORME;2014-01-01
conformément;16;FORME;2014-01-01
conseil;162;FORME;2014-01-01
conseillers;15;FORME;2014-01-01
consultation;12;FORME;2014-01-01
contentieux;11;FORME;2014-01-01
convention;41;FORME;2014-01-01
courrier;29;THEME;2014-01-01
daniel;20;NOM;2014-01-01
danielle;15;NOM;2014-01-01
daube;15;LIEU;2014-01-01
décembre;16;DATE;2014-01-01
décisions;12;FORME;2014-01-01
délégation;27;FORME;2014-01-01
délibération;22;FORME;2014-01-01
demande;24;FORME;2014-01-01
départementale;12;FORME;2014-01-01
dépenses;26;FORME;2014-01-01
dignois;17;LIEU;2014-01-01
durée;20;FORME;2014-01-01
élection;23;THEME;2014-01-01
élève;29;THEME;2014-01-01
élèves;11;THEME;2014-01-01
elisabeth;13;NOM;2014-01-01
elus;15;FORME;2014-01-01
élus;18;FORME;2014-01-01
fabienne;40;NOM;2014-01-01
favorable;61;FORME;2014-01-01
finances;15;THEME;2014-01-01
fonction;11;FORME;2014-01-01
frais;16;THEME;2014-01-01
général;22;FORME;2014-01-01
générale;19;FORME;2014-01-01
gestion;18;THEME;2014-01-01
groupe;20;FORME;2014-01-01
heures;17;FORME;2014-01-01
information;16;FORME;2014-01-01
investissement;16;THEME;2014-01-01
janvier;17;DATE;2014-01-01
jean-pierre;31;NOM;2014-01-01
jour;12;FORME;2014-01-01
jouve;13;NOM;2014-01-01
jugy;25;NOM;2014-01-01
juin;15;DATE;2014-01-01
justrabo;18;NOM;2014-01-01
lagrange;17;LIEU;2014-01-01
lauro;22;NOM;2014-01-01
lecture;11;FORME;2014-01-01
liée;13;FORME;2014-01-01
liste;17;FORME;2014-01-01
listes;13;FORME;2014-01-01
locaux;27;FORME;2014-01-01
madame;32;FORME;2014-01-01
maire;140;FORME;2014-01-01
maires;16;THEME;2014-01-01
mairie;15;FORME;2014-01-01
mandat;15;FORME;2014-01-01
marché;16;THEME;2014-01-01
mardi;12;DATE;2014-01-01
marion;18;NOM;2014-01-01
mars;24;DATE;2014-01-01
méditerranée;15;LIEU;2014-01-01
membres;110;FORME;2014-01-01
michel;15;NOM;2014-01-01
mise;17;FORME;2014-01-01
monsieur;122;FORME;2014-01-01
montant;40;FORME;2014-01-01
moutet;14;LIEU;2014-01-01
municipal;120;FORME;2014-01-01
municipaux;18;FORME;2014-01-01
myriam;11;NOM;2014-01-01
nombre;21;FORME;2014-01-01
ordre;11;FORME;2014-01-01
part;21;FORME;2014-01-01
patrice;13;NOM;2014-01-01
pays;17;FORME;2014-01-01
pereira;13;NOM;2014-01-01
périscolaires;14;THEME;2014-01-01
personnel;16;FORME;2014-01-01
peuvent;11;FORME;2014-01-01
philippe;36;NOM;2014-01-01
place;21;LIEU;2014-01-01
plan;12;THEME;2014-01-01
pôle;17;LIEU;2014-01-01
pouleau;33;NOM;2014-01-01
pour;220;FORME;2014-01-01
pouvoir;11;FORME;2014-01-01
pouvoirs;14;FORME;2014-01-01
préfecture;12;FORME;2014-01-01
présents;80;FORME;2014-01-01
président;18;FORME;2014-01-01
principal;14;FORME;2014-01-01
prises;12;FORME;2014-01-01
procéder;15;FORME;2014-01-01
projet;22;FORME;2014-01-01
propose;22;FORME;2014-01-01
proposé;11;FORME;2014-01-01
public;21;FORME;2014-01-01
publics;14;FORME;2014-01-01
publique;14;FORME;2014-01-01
question;18;FORME;2014-01-01
questions;11;FORME;2014-01-01
rapporteur;15;FORME;2014-01-01
raymond;13;LIEU;2014-01-01
recettes;15;THEME;2014-01-01
représentés;47;FORME;2014-01-01
réseaux;11;THEME;2014-01-01
résultat;23;FORME;2014-01-01
réunion;18;FORME;2014-01-01
revah;12;NOM;2014-01-01
risques;11;THEME;2014-01-01
rythmes;15;THEME;2014-01-01
salado;28;NOM;2014-01-01
salle;21;THEME;2014-01-01
scolaire;39;THEME;2014-01-01
scolaires;45;THEME;2014-01-01
séance;23;FORME;2014-01-01
section;23;FORME;2014-01-01
sécurité;12;THEME;2014-01-01
service;21;THEME;2014-01-01
services;36;THEME;2014-01-01
signer;15;FORME;2014-01-01
speth;17;NOM;2014-01-01
subvention;14;THEME;2014-01-01
suppléants;22;FORME;2014-01-01
sylviane;22;NOM;2014-01-01
syndicat;16;THEME;2014-01-01
tarifs;16;THEME;2014-01-01
technique;13;FORME;2014-01-01
temps;16;FORME;2014-01-01
titulaires;24;FORME;2014-01-01
total;24;FORME;2014-01-01
toulouse;31;NOM;2014-01-01
travaux;49;THEME;2014-01-01
unanimité;72;FORME;2014-01-01
urbanisme;36;THEME;2014-01-01
vieil;11;THEME;2014-01-01
voirie;11;THEME;2014-01-01
vote;100;FORME;2014-01-01
yves;11;NOM;2014-01-01
2014;53;DATE;2015-01-01
2015;111;DATE;2015-01-01
2015-2016;12;DATE;2015-01-01
2016;31;DATE;2015-01-01
activités;19;THEME;2015-01-01
adjoint;19;FORME;2015-01-01
adjointe;18;FORME;2015-01-01
affaires;16;FORME;2015-01-01
affaires;16;FORME;2015-01-01
aide;12;THEME;2015-01-01
aiglun;40;LIEU;2015-01-01
aménagement;26;THEME;2015-01-01
animation;11;THEME;2015-01-01
annexe;11;FORME;2015-01-01
antonio;13;NOM;2015-01-01
assainissement;35;THEME;2015-01-01
asse;12;LIEU;2015-01-01
association;26;THEME;2015-01-01
audran;16;NOM;2015-01-01
avenant;15;FORME;2015-01-01
avis;14;FORME;2015-01-01
avril;14;DATE;2015-01-01
bâtiments;22;THEME;2015-01-01
blanchet;18;NOM;2015-01-01
bléone;27;LIEU;2015-01-01
budget;47;THEME;2015-01-01
cadre;13;FORME;2015-01-01
ccabv;25;LIEU;2015-01-01
centre;19;THEME;2015-01-01
charles;12;NOM;2015-01-01
commission;18;FORME;2015-01-01
communal;14;FORME;2015-01-01
communale;12;FORME;2015-01-01
communales;13;FORME;2015-01-01
communauté;22;FORME;2015-01-01
communaux;14;FORME;2015-01-01
commune;70;FORME;2015-01-01
communes;40;FORME;2015-01-01
communication;13;THEME;2015-01-01
compte;24;FORME;2015-01-01
compter;31;FORME;2015-01-01
concernant;19;FORME;2015-01-01
conseil;192;FORME;2015-01-01
conseillère;12;FORME;2015-01-01
consultation;14;FORME;2015-01-01
contrat;14;FORME;2015-01-01
contre;14;FORME;2015-01-01
convention;43;FORME;2015-01-01
courrier;18;THEME;2015-01-01
daniel;18;NOM;2015-01-01
danielle;21;NOM;2015-01-01
daube;23;LIEU;2015-01-01
délégation;12;FORME;2015-01-01
délégué;15;FORME;2015-01-01
déléguée;12;FORME;2015-01-01
délibération;20;FORME;2015-01-01
délibérations;15;FORME;2015-01-01
demande;52;FORME;2015-01-01
départemental;21;FORME;2015-01-01
dépenses;24;FORME;2015-01-01
digne-les-bains;27;LIEU;2015-01-01
directrice;15;FORME;2015-01-01
disposition;13;FORME;2015-01-01
durée;11;FORME;2015-01-01
école;11;THEME;2015-01-01
église;11;THEME;2015-01-01
élève;27;THEME;2015-01-01
élèves;12;THEME;2015-01-01
élus;20;FORME;2015-01-01
enfants;11;THEME;2015-01-01
enseignement;15;THEME;2015-01-01
fabienne;31;NOM;2015-01-01
favorable;88;FORME;2015-01-01
financement;16;THEME;2015-01-01
finances;27;THEME;2015-01-01
fonctionnement;18;THEME;2015-01-01
fonds;14;THEME;2015-01-01
frais;11;THEME;2015-01-01
france;13;LIEU;2015-01-01
générale;18;FORME;2015-01-01
gestion;11;THEME;2015-01-01
groupe;16;FORME;2015-01-01
hébergement;14;THEME;2015-01-01
heures;14;FORME;2015-01-01
information;12;FORME;2015-01-01
informe;23;FORME;2015-01-01
investissement;19;THEME;2015-01-01
janvier;19;DATE;2015-01-01
jean-pierre;37;NOM;2015-01-01
jeunes;14;THEME;2015-01-01
jour;13;FORME;2015-01-01
jouve;17;NOM;2015-01-01
jugy;15;NOM;2015-01-01
juillet;18;DATE;2015-01-01
juin;11;DATE;2015-01-01
justrabo;15;NOM;2015-01-01
lagrange;12;LIEU;2015-01-01
lauro;25;NOM;2015-01-01
lecture;16;FORME;2015-01-01
locaux;20;FORME;2015-01-01
lors;13;FORME;2015-01-01
madame;53;FORME;2015-01-01
maire;137;FORME;2015-01-01
maires;20;THEME;2015-01-01
mairie;27;FORME;2015-01-01
marché;12;THEME;2015-01-01
marion;15;NOM;2015-01-01
méditerranée;13;LIEU;2015-01-01
membres;89;FORME;2015-01-01
michel;20;NOM;2015-01-01
mise;19;FORME;2015-01-01
mission;11;FORME;2015-01-01
monsieur;156;FORME;2015-01-01
montant;42;FORME;2015-01-01
municipal;145;FORME;2015-01-01
municipale;13;FORME;2015-01-01
municipaux;17;FORME;2015-01-01
myriam;15;NOM;2015-01-01
nouvelle;13;FORME;2015-01-01
novembre;12;DATE;2015-01-01
ordre;11;FORME;2015-01-01
organisation;14;FORME;2015-01-01
part;28;FORME;2015-01-01
partie;16;FORME;2015-01-01
patrice;14;NOM;2015-01-01
pays;11;FORME;2015-01-01
pereira;11;NOM;2015-01-01
périscolaires;14;THEME;2015-01-01
personnel;13;FORME;2015-01-01
philippe;28;NOM;2015-01-01
place;11;LIEU;2015-01-01
plan;17;THEME;2015-01-01
pôle;13;LIEU;2015-01-01
pouleau;28;NOM;2015-01-01
pour;261;FORME;2015-01-01
pouvoir;22;FORME;2015-01-01
pouvoirs;11;FORME;2015-01-01
préfet;13;FORME;2015-01-01
présents;93;FORME;2015-01-01
prévisionnel;13;FORME;2015-01-01
principal;21;FORME;2015-01-01
prises;15;FORME;2015-01-01
projet;28;FORME;2015-01-01
prononcer;16;FORME;2015-01-01
propose;27;FORME;2015-01-01
proposé;14;FORME;2015-01-01
public;15;FORME;2015-01-01
publics;11;FORME;2015-01-01
publique;12;FORME;2015-01-01
questions;16;FORME;2015-01-01
rappelle;12;FORME;2015-01-01
rapporteur;25;FORME;2015-01-01
recettes;21;THEME;2015-01-01
représentés;76;FORME;2015-01-01
réseaux;20;THEME;2015-01-01
résultat;27;FORME;2015-01-01
réunion;28;FORME;2015-01-01
revah;14;NOM;2015-01-01
rythmes;17;THEME;2015-01-01
salado;15;NOM;2015-01-01
salle;31;THEME;2015-01-01
scolaire;48;THEME;2015-01-01
scolaires;43;THEME;2015-01-01
séance;28;FORME;2015-01-01
secrétaire;11;FORME;2015-01-01
section;16;FORME;2015-01-01
sécurité;11;THEME;2015-01-01
septembre;16;DATE;2015-01-01
services;44;THEME;2015-01-01
site;28;THEME;2015-01-01
sociale;12;THEME;2015-01-01
société;11;THEME;2015-01-01
speth;12;NOM;2015-01-01
subvention;13;THEME;2015-01-01
sylviane;26;NOM;2015-01-01
tarifs;11;THEME;2015-01-01
territoire;11;THEME;2015-01-01
total;23;FORME;2015-01-01
toulouse;37;NOM;2015-01-01
travaux;60;THEME;2015-01-01
unanimité;83;FORME;2015-01-01
urbanisme;30;THEME;2015-01-01
verdon;12;LIEU;2015-01-01
vieil;16;THEME;2015-01-01
voie;13;THEME;2015-01-01
voirie;19;THEME;2015-01-01
vote;93;FORME;2015-01-01
yves;18;NOM;2015-01-01
2013;22;DATE;2016-01-01
2013;22;DATE;2016-01-01
2014;25;DATE;2016-01-01
2015;30;DATE;2016-01-01
2016;44;DATE;2016-01-01
adjoint;16;FORME;2016-01-01
agence;11;THEME;2016-01-01
aiglun;21;LIEU;2016-01-01
aménagement;14;THEME;2016-01-01
annexe;16;FORME;2016-01-01
assainissement;25;THEME;2016-01-01
association;25;THEME;2016-01-01
audran;11;NOM;2016-01-01
bléone;24;LIEU;2016-01-01
budget;43;THEME;2016-01-01
cadre;19;FORME;2016-01-01
ccabv;14;LIEU;2016-01-01
commission;16;FORME;2016-01-01
commune;53;FORME;2016-01-01
compte;20;FORME;2016-01-01
concernant;16;FORME;2016-01-01
congrès;11;THEME;2016-01-01
conseil;86;FORME;2016-01-01
contrat;19;FORME;2016-01-01
convention;28;FORME;2016-01-01
courrier;24;THEME;2016-01-01
daniel;19;NOM;2016-01-01
délégation;16;FORME;2016-01-01
délégué;13;FORME;2016-01-01
demande;21;FORME;2016-01-01
départemental;17;FORME;2016-01-01
dépenses;27;FORME;2016-01-01
digne;12;LIEU;2016-01-01
disposition;16;FORME;2016-01-01
durée;11;FORME;2016-01-01
élève;27;THEME;2016-01-01
elus;15;FORME;2016-01-01
élus;15;FORME;2016-01-01
entretien;14;THEME;2016-01-01
environnement;11;THEME;2016-01-01
exploitation;17;THEME;2016-01-01
fabienne;15;NOM;2016-01-01
favorable;38;FORME;2016-01-01
financement;13;THEME;2016-01-01
finances;19;THEME;2016-01-01
formation;14;THEME;2016-01-01
indique;17;FORME;2016-01-01
investissement;17;THEME;2016-01-01
jean-pierre;38;NOM;2016-01-01
jour;11;FORME;2016-01-01
journée;14;THEME;2016-01-01
jugy;20;NOM;2016-01-01
juillet;12;DATE;2016-01-01
lauro;14;NOM;2016-01-01
lecture;11;FORME;2016-01-01
locaux;12;FORME;2016-01-01
lors;13;FORME;2016-01-01
madame;16;FORME;2016-01-01
maire;103;FORME;2016-01-01
maires;21;THEME;2016-01-01
mairie;20;FORME;2016-01-01
membres;40;FORME;2016-01-01
michel;12;NOM;2016-01-01
mise;20;FORME;2016-01-01
monsieur;108;FORME;2016-01-01
montant;42;FORME;2016-01-01
municipal;62;FORME;2016-01-01
ordre;11;FORME;2016-01-01
part;18;FORME;2016-01-01
philippe;18;NOM;2016-01-01
place;12;LIEU;2016-01-01
plan;11;THEME;2016-01-01
pouleau;20;NOM;2016-01-01
pour;168;FORME;2016-01-01
pouvoir;14;FORME;2016-01-01
pouvoirs;14;FORME;2016-01-01
présente;11;FORME;2016-01-01
présents;43;FORME;2016-01-01
principal;18;FORME;2016-01-01
prises;16;FORME;2016-01-01
projet;15;FORME;2016-01-01
propose;19;FORME;2016-01-01
rapporteur;18;FORME;2016-01-01
recettes;24;THEME;2016-01-01
région;11;LIEU;2016-01-01
représentés;32;FORME;2016-01-01
réseaux;11;THEME;2016-01-01
résultat;21;FORME;2016-01-01
réunion;18;FORME;2016-01-01
salle;16;THEME;2016-01-01
saur;12;THEME;2016-01-01
scolaires;18;THEME;2016-01-01
séance;21;FORME;2016-01-01
section;17;FORME;2016-01-01
service;19;THEME;2016-01-01
services;26;THEME;2016-01-01
sylviane;14;NOM;2016-01-01
taxe;15;THEME;2016-01-01
total;42;FORME;2016-01-01
toulouse;38;NOM;2016-01-01
travaux;51;THEME;2016-01-01
unanimité;43;FORME;2016-01-01
urbanisme;13;THEME;2016-01-01
voirie;15;THEME;2016-01-01
vote;43;FORME;2016-01-01
