mot;nombre;theme;annee;type
activités;19;THEME;2015-01-01;activités
administration;17;THEME;2014-01-01;administration
agence;11;THEME;2016-01-01;agence
aide;12;THEME;2015-01-01;aide
aménagement;13;THEME;2013-01-01;urbanisme
aménagement;14;THEME;2016-01-01;urbanisme
aménagement;26;THEME;2015-01-01;urbanisme
aménagement;30;THEME;2014-01-01;urbanisme
animation;11;THEME;2015-01-01;animation
assainissement;25;THEME;2016-01-01;assainissement
assainissement;28;THEME;2014-01-01;assainissement
assainissement;35;THEME;2015-01-01;assainissement
assainissement;49;THEME;2012-01-01;assainissement
assainissement;61;THEME;2013-01-01;assainissement
association;25;THEME;2016-01-01;association
association;26;THEME;2015-01-01;association
association;28;THEME;2013-01-01;association
association;42;THEME;2014-01-01;association
bâtiments;12;THEME;2014-01-01;urbanisme
bâtiments;22;THEME;2015-01-01;urbanisme
budget;37;THEME;2012-01-01;budget
budget;37;THEME;2013-01-01;budget
budget;43;THEME;2016-01-01;budget
budget;44;THEME;2014-01-01;budget
budget;47;THEME;2015-01-01;budget
centre;15;THEME;2012-01-01;centre
centre;16;THEME;2014-01-01;centre
centre;18;THEME;2013-01-01;centre
centre;19;THEME;2015-01-01;centre
communication;13;THEME;2015-01-01;communication
congrès;11;THEME;2016-01-01;congrès
courrier;18;THEME;2015-01-01;courrier
courrier;24;THEME;2016-01-01;courrier
courrier;27;THEME;2013-01-01;courrier
courrier;29;THEME;2014-01-01;courrier
coût;12;THEME;2012-01-01;budget
coût;21;THEME;2013-01-01;budget
école;11;THEME;2013-01-01;école
école;11;THEME;2015-01-01;école
église;11;THEME;2015-01-01;église
élection;23;THEME;2014-01-01;élection
élève;27;THEME;2015-01-01;école
élève;27;THEME;2016-01-01;école
élève;29;THEME;2014-01-01;école
élèves;11;THEME;2014-01-01;école
élèves;12;THEME;2015-01-01;école
enfants;11;THEME;2015-01-01;école
enseignement;13;THEME;2012-01-01;école
enseignement;15;THEME;2015-01-01;école
entreprises;11;THEME;2012-01-01;entreprises
entreprises;11;THEME;2013-01-01;entreprises
entretien;14;THEME;2016-01-01;entretien
environnement;11;THEME;2016-01-01;environnement
exploitation;17;THEME;2016-01-01;exploitation
extension;22;THEME;2013-01-01;urbanisme
financement;13;THEME;2016-01-01;budget
financement;16;THEME;2015-01-01;budget
finances;11;THEME;2013-01-01;budget
finances;13;THEME;2012-01-01;budget
finances;15;THEME;2014-01-01;budget
finances;19;THEME;2016-01-01;budget
finances;27;THEME;2015-01-01;budget
fonctionnement;12;THEME;2012-01-01;budget
fonctionnement;18;THEME;2015-01-01;budget
fonds;14;THEME;2015-01-01;budget
formation;14;THEME;2016-01-01;formation
frais;11;THEME;2015-01-01;budget
frais;16;THEME;2014-01-01;budget
gestion;11;THEME;2015-01-01;gestion
gestion;14;THEME;2013-01-01;gestion
gestion;18;THEME;2014-01-01;gestion
gestion;21;THEME;2012-01-01;gestion
hébergement;14;THEME;2015-01-01;hébergement
intercommunalité;14;THEME;2012-01-01;intercommunalité
investissement;16;THEME;2014-01-01;budget
investissement;17;THEME;2016-01-01;budget
investissement;19;THEME;2015-01-01;budget
jeunes;14;THEME;2015-01-01;école
journée;14;THEME;2016-01-01;journée
loisirs;11;THEME;2012-01-01;loisirs
maires;16;THEME;2014-01-01;congrès
maires;20;THEME;2015-01-01;congrès
maires;21;THEME;2016-01-01;congrès
marché;11;THEME;2012-01-01;marché
marché;12;THEME;2015-01-01;marché
marché;16;THEME;2014-01-01;marché
marché;19;THEME;2013-01-01;marché
périscolaires;14;THEME;2014-01-01;école
périscolaires;14;THEME;2015-01-01;école
plan;11;THEME;2016-01-01;plan
plan;12;THEME;2014-01-01;plan
plan;13;THEME;2012-01-01;plan
plan;17;THEME;2013-01-01;plan
plan;17;THEME;2015-01-01;plan
recettes;14;THEME;2012-01-01;budget
recettes;15;THEME;2013-01-01;budget
recettes;15;THEME;2014-01-01;budget
recettes;21;THEME;2015-01-01;budget
recettes;24;THEME;2016-01-01;budget
réseau;14;THEME;2012-01-01;réseau
réseau;19;THEME;2013-01-01;réseau
réseaux;11;THEME;2014-01-01;réseau
réseaux;11;THEME;2016-01-01;réseau
réseaux;17;THEME;2013-01-01;réseau
réseaux;20;THEME;2015-01-01;réseau
réseaux;28;THEME;2012-01-01;réseau
risques;11;THEME;2014-01-01;risques
rythmes;15;THEME;2014-01-01;école
rythmes;17;THEME;2015-01-01;école
salle;13;THEME;2013-01-01;salle
salle;16;THEME;2016-01-01;salle
salle;21;THEME;2014-01-01;salle
salle;31;THEME;2015-01-01;salle
sarl;27;THEME;2013-01-01;entreprises
saur;12;THEME;2016-01-01;SAUR
scolaire;15;THEME;2012-01-01;école
scolaire;18;THEME;2013-01-01;école
scolaire;39;THEME;2014-01-01;école
scolaire;48;THEME;2015-01-01;école
scolaires;14;THEME;2013-01-01;école
scolaires;18;THEME;2016-01-01;école
scolaires;43;THEME;2015-01-01;école
scolaires;45;THEME;2014-01-01;école
sécurité;11;THEME;2012-01-01;sécurité
sécurité;11;THEME;2015-01-01;sécurité
sécurité;12;THEME;2014-01-01;sécurité
service;19;THEME;2016-01-01;service
service;21;THEME;2014-01-01;service
services;16;THEME;2013-01-01;service
services;23;THEME;2012-01-01;service
services;26;THEME;2016-01-01;service
services;36;THEME;2014-01-01;service
services;44;THEME;2015-01-01;service
site;28;THEME;2015-01-01;site
sociale;12;THEME;2015-01-01;sociale
société;11;THEME;2015-01-01;entreprises
société;16;THEME;2013-01-01;entreprises
sous-traitance;14;THEME;2013-01-01;entreprises
subvention;13;THEME;2015-01-01;subvention
subvention;14;THEME;2014-01-01;subvention
subvention;16;THEME;2013-01-01;subvention
subventions;12;THEME;2012-01-01;subvention
syndicale;11;THEME;2013-01-01;syndicat
syndicat;16;THEME;2014-01-01;syndicat
tarifs;11;THEME;2015-01-01;budget
tarifs;16;THEME;2014-01-01;budget
taxe;15;THEME;2016-01-01;budget
territoire;11;THEME;2015-01-01;territoire
transfert;18;THEME;2013-01-01;transfert
travaux;40;THEME;2012-01-01;urbanisme
travaux;49;THEME;2014-01-01;urbanisme
travaux;51;THEME;2016-01-01;urbanisme
travaux;60;THEME;2015-01-01;urbanisme
travaux;62;THEME;2013-01-01;urbanisme
urbanisme;13;THEME;2016-01-01;urbanisme
urbanisme;20;THEME;2013-01-01;urbanisme
urbanisme;30;THEME;2015-01-01;urbanisme
urbanisme;36;THEME;2014-01-01;urbanisme
vieil;11;THEME;2014-01-01;église
vieil;14;THEME;2013-01-01;église
vieil;16;THEME;2015-01-01;église
vœux;13;THEME;2012-01-01;voeux
vœux;16;THEME;2013-01-01;voeux
voie;11;THEME;2012-01-01;voie
voie;13;THEME;2015-01-01;voie
voie;16;THEME;2013-01-01;voie
voirie;11;THEME;2014-01-01;voie
voirie;15;THEME;2016-01-01;voie
voirie;19;THEME;2015-01-01;voie
zone;15;THEME;2013-01-01;zone
