mot;nombre;type;
2010;11;DATE;
2011;41;DATE;
2012;123;DATE;
2013;171;DATE;
aiglun;71;LIEU;
annexe;12;FORME;
approuve;25;FORME;
assainissement;49;THEME;
avril;12;DATE;
bléone;14;LIEU;
budget;37;THEME;
cadre;20;FORME;
centre;15;THEME;
charge;15;FORME;
charles;15;NOM;
commission;21;FORME;
communauté;11;FORME;
commune;60;FORME;
communes;12;FORME;
compte;22;FORME;
conseil;113;FORME;
convention;32;FORME;
coût;12;THEME;
création;13;FORME;
daniel;15;NOM;
danielle;14;NOM;
daube;14;LIEU;
décisions;17;FORME;
délégation;17;FORME;
délibération;17;FORME;
demande;19;FORME;
dépenses;22;FORME;
digne-les-bains;19;LIEU;
élus;19;FORME;
enseignement;13;THEME;
entreprises;11;THEME;
fabienne;12;NOM;
favorable;41;FORME;
finances;13;THEME;
fonctionnement;12;THEME;
général;17;FORME;
gestion;21;THEME;
information;13;FORME;
intercommunalité;14;THEME;
janvier;46;DATE;
jean-pierre;29;NOM;
jouve;13;NOM;
jugy;18;NOM;
juillet;20;DATE;
juin;15;DATE;
locaux;12;FORME;
loisirs;11;THEME;
madame;18;FORME;
maire;97;FORME;
marché;11;THEME;
mars;11;DATE;
membres;45;FORME;
monsieur;103;FORME;
montant;33;FORME;
mouzard;20;NOM;
municipal;94;FORME;
myriam;18;NOM;
odile;19;NOM;
ordre;11;FORME;
part;16;FORME;
personnel;11;FORME;
philippe;39;NOM;
plan;13;THEME;
pouleau;21;NOM;
pour;188;FORME;
pouvoir;32;FORME;
pouvoirs;12;FORME;
présente;18;FORME;
présents;55;FORME;
principal;14;FORME;
prises;17;FORME;
propose;22;FORME;
protection;11;FORME;
public;18;FORME;
rapport;13;FORME;
recettes;14;THEME;
représentés;45;FORME;
réseau;14;THEME;
réseaux;28;THEME;
résultat;15;FORME;
réunion;20;FORME;
salado;12;NOM;
scolaire;15;THEME;
séance;20;FORME;
section;18;FORME;
sécurité;11;THEME;
septembre;12;DATE;
services;23;THEME;
speth;15;NOM;
stéphane;13;NOM;
subventions;12;THEME;
technique;18;FORME;
total;16;FORME;
toulouse;33;NOM;
travaux;40;THEME;
unanimité;66;FORME;
vœux;13;THEME;
voie;11;THEME;
vote;50;FORME;
2012;45;DATE;
2013;156;DATE;
2014;145;DATE;
adjoints;11;FORME;
aiglun;29;LIEU;
aménagement;13;THEME;
annexe;19;FORME;
août;12;DATE;
assainissement;61;THEME;
asse;22;LIEU;
association;28;THEME;
attribution;11;FORME;
autorisée;12;FORME;
autoriser;11;FORME;
avenant;20;FORME;
avril;22;DATE;
bernard;20;NOM;
biens;11;FORME;
bléone;24;LIEU;
bruno;20;NOM;
budget;37;THEME;
cadre;23;FORME;
ccabv;45;LIEU;
centre;18;THEME;
charge;11;FORME;
charles;15;NOM;
chemin;16;LIEU;
collectif;11;FORME;
collectivités;13;FORME;
commission;14;FORME;
communal;14;FORME;
communale;14;FORME;
communautaire;15;FORME;
communauté;20;FORME;
commune;63;FORME;
communes;25;FORME;
compétence;11;FORME;
compte;36;FORME;
compter;20;FORME;
conditions;12;FORME;
conseil;171;FORME;
contrat;18;FORME;
convention;41;FORME;
courrier;27;THEME;
coût;21;THEME;
daniel;12;NOM;
danielle;13;NOM;
date;11;FORME;
daube;13;LIEU;
décembre;18;DATE;
décisions;12;FORME;
délégation;22;FORME;
délibération;29;FORME;
délibérations;17;FORME;
demande;31;FORME;
demandé;11;FORME;
dépenses;25;FORME;
derumaux;15;NOM;
digne-les-bains;13;LIEU;
disposition;19;FORME;
droit;13;FORME;
école;11;THEME;
elus;13;FORME;
élus;15;FORME;
entreprises;11;THEME;
esmiol;12;NOM;
extension;22;THEME;
fabienne;19;NOM;
favorable;68;FORME;
finances;11;THEME;
général;27;FORME;
gestion;14;THEME;
information;13;FORME;
informe;15;FORME;
janvier;23;DATE;
jean-pierre;21;NOM;
jugy;14;NOM;
juillet;21;DATE;
juin;22;DATE;
julien;15;NOM;
karine;12;NOM;
lecture;13;FORME;
lors;17;FORME;
louis;15;NOM;
madame;34;FORME;
maire;117;FORME;
mairie;14;FORME;
marché;19;THEME;
membres;51;FORME;
mise;17;FORME;
modification;11;FORME;
monsieur;156;FORME;
montant;56;FORME;
moutet;19;LIEU;
multiactivités;19;LIEU;
municipal;141;FORME;
myriam;21;NOM;
objet;11;FORME;
paluts;11;LIEU;
part;18;FORME;
passage;12;FORME;
philippe;51;NOM;
place;15;LIEU;
plan;17;THEME;
pôle;24;LIEU;
pons;15;NOM;
pouleau;24;NOM;
pour;244;FORME;
pouvoir;42;FORME;
pouvoirs;16;FORME;
présente;17;FORME;
présents;55;FORME;
principal;17;FORME;
prises;18;FORME;
propose;32;FORME;
protection;13;FORME;
public;18;FORME;
raymond;18;LIEU;
recettes;15;THEME;
représentés;46;FORME;
réseau;19;THEME;
réseaux;17;THEME;
résultat;13;FORME;
réunion;11;FORME;
salado;19;NOM;
salle;13;THEME;
sarl;27;THEME;
schodet;16;NOM;
scolaire;18;THEME;
scolaires;14;THEME;
séance;27;FORME;
secrétaire;12;FORME;
section;21;FORME;
services;16;THEME;
signer;12;FORME;
société;16;THEME;
sous-traitance;14;THEME;
speth;15;NOM;
subvention;16;THEME;
syndicale;11;THEME;
total;25;FORME;
toulouse;22;NOM;
transfert;18;THEME;
travaux;62;THEME;
traversa;12;NOM;
unanimité;77;FORME;
urbanisme;20;THEME;
valeur;11;FORME;
verdon;20;LIEU;
vieil;14;THEME;
vœux;16;THEME;
voie;16;THEME;
vote;76;FORME;
zone;15;THEME;
2013;45;DATE;
2014;145;DATE;
2014-2015;13;DATE;
2015;18;DATE;
actuel;14;FORME;
adjoint;16;FORME;
adjoints;17;FORME;
administration;17;THEME;
affaires;16;FORME;
aiglun;52;LIEU;
alpes-de-haute-provence;13;LIEU;
aménagement;30;THEME;
annexe;11;FORME;
appel;15;FORME;
article;20;FORME;
assainissement;28;THEME;
association;42;THEME;
audran;11;NOM;
avenant;16;FORME;
bâtiments;12;THEME;
bléone;20;LIEU;
budget;44;THEME;
bureau;14;FORME;
cadre;16;FORME;
catherine;11;NOM;
ccabv;25;LIEU;
centre;16;THEME;
charge;20;FORME;
charles;17;NOM;
code;17;FORME;
comité;21;FORME;
commission;52;FORME;
communal;15;FORME;
communale;13;FORME;
commune;66;FORME;
communes;23;FORME;
compte;12;FORME;
compter;28;FORME;
concernant;22;FORME;
conformément;16;FORME;
conseil;162;FORME;
conseillers;15;FORME;
consultation;12;FORME;
contentieux;11;FORME;
convention;41;FORME;
courrier;29;THEME;
daniel;20;NOM;
danielle;15;NOM;
daube;15;LIEU;
décembre;16;DATE;
décisions;12;FORME;
délégation;27;FORME;
délibération;22;FORME;
demande;24;FORME;
départementale;12;FORME;
dépenses;26;FORME;
dignois;17;LIEU;
durée;20;FORME;
élection;23;THEME;
élève;29;THEME;
élèves;11;THEME;
elisabeth;13;NOM;
elus;15;FORME;
élus;18;FORME;
fabienne;40;NOM;
favorable;61;FORME;
finances;15;THEME;
fonction;11;FORME;
frais;16;THEME;
général;22;FORME;
générale;19;FORME;
gestion;18;THEME;
groupe;20;FORME;
heures;17;FORME;
information;16;FORME;
investissement;16;THEME;
janvier;17;DATE;
jean-pierre;31;NOM;
jour;12;FORME;
jouve;13;NOM;
jugy;25;NOM;
juin;15;DATE;
justrabo;18;NOM;
lagrange;17;LIEU;
lauro;22;NOM;
lecture;11;FORME;
liée;13;FORME;
liste;17;FORME;
listes;13;FORME;
locaux;27;FORME;
madame;32;FORME;
maire;140;FORME;
maires;16;THEME;
mairie;15;FORME;
mandat;15;FORME;
marché;16;THEME;
mardi;12;DATE;
marion;18;NOM;
mars;24;DATE;
méditerranée;15;LIEU;
membres;110;FORME;
michel;15;NOM;
mise;17;FORME;
monsieur;122;FORME;
montant;40;FORME;
moutet;14;LIEU;
municipal;120;FORME;
municipaux;18;FORME;
myriam;11;NOM;
nombre;21;FORME;
ordre;11;FORME;
part;21;FORME;
patrice;13;NOM;
pays;17;FORME;
pereira;13;NOM;
périscolaires;14;THEME;
personnel;16;FORME;
peuvent;11;FORME;
philippe;36;NOM;
place;21;LIEU;
plan;12;THEME;
pôle;17;LIEU;
pouleau;33;NOM;
pour;220;FORME;
pouvoir;11;FORME;
pouvoirs;14;FORME;
préfecture;12;FORME;
présents;80;FORME;
président;18;FORME;
principal;14;FORME;
prises;12;FORME;
procéder;15;FORME;
projet;22;FORME;
propose;22;FORME;
proposé;11;FORME;
public;21;FORME;
publics;14;FORME;
publique;14;FORME;
question;18;FORME;
questions;11;FORME;
rapporteur;15;FORME;
raymond;13;LIEU;
recettes;15;THEME;
représentés;47;FORME;
réseaux;11;THEME;
résultat;23;FORME;
réunion;18;FORME;
revah;12;NOM;
risques;11;THEME;
rythmes;15;THEME;
salado;28;NOM;
salle;21;THEME;
scolaire;39;THEME;
scolaires;45;THEME;
séance;23;FORME;
section;23;FORME;
sécurité;12;THEME;
service;21;THEME;
services;36;THEME;
signer;15;FORME;
speth;17;NOM;
subvention;14;THEME;
suppléants;22;FORME;
sylviane;22;NOM;
syndicat;16;THEME;
tarifs;16;THEME;
technique;13;FORME;
temps;16;FORME;
titulaires;24;FORME;
total;24;FORME;
toulouse;31;NOM;
travaux;49;THEME;
unanimité;72;FORME;
urbanisme;36;THEME;
vieil;11;THEME;
voirie;11;THEME;
vote;100;FORME;
yves;11;NOM;
2014;53;DATE;
2015;111;DATE;
2015-2016;12;DATE;
2016;31;DATE;
activités;19;THEME;
adjoint;19;FORME;
adjointe;18;FORME;
affaires;16;FORME;
aide;28;THEME;
aiglun;40;LIEU;
aménagement;26;THEME;
animation;11;THEME;
annexe;11;FORME;
antonio;13;NOM;
assainissement;35;THEME;
asse;12;LIEU;
association;26;THEME;
audran;16;NOM;
avenant;15;FORME;
avis;14;FORME;
avril;14;DATE;
bâtiments;22;THEME;
blanchet;18;NOM;
bléone;27;LIEU;
budget;47;THEME;
cadre;13;FORME;
ccabv;25;LIEU;
centre;19;THEME;
charles;12;NOM;
commission;18;FORME;
communal;14;FORME;
communale;12;FORME;
communales;13;FORME;
communauté;22;FORME;
communaux;14;FORME;
commune;70;FORME;
communes;40;FORME;
communication;13;THEME;
compte;24;FORME;
compter;31;FORME;
concernant;19;FORME;
conseil;192;FORME;
conseillère;12;FORME;
consultation;14;FORME;
contrat;14;FORME;
contre;14;FORME;
convention;43;FORME;
courrier;18;THEME;
daniel;18;NOM;
danielle;21;NOM;
daube;23;LIEU;
délégation;12;FORME;
délégué;15;FORME;
déléguée;12;FORME;
délibération;20;FORME;
délibérations;15;FORME;
demande;52;FORME;
départemental;21;FORME;
dépenses;24;FORME;
digne-les-bains;27;LIEU;
directrice;15;FORME;
disposition;13;FORME;
durée;11;FORME;
école;11;THEME;
église;11;THEME;
élève;27;THEME;
élèves;12;THEME;
élus;20;FORME;
enfants;11;THEME;
enseignement;15;THEME;
fabienne;31;NOM;
favorable;88;FORME;
financement;16;THEME;
finances;27;THEME;
fonctionnement;18;THEME;
fonds;14;THEME;
frais;11;THEME;
france;13;LIEU;
générale;18;FORME;
gestion;11;THEME;
groupe;16;FORME;
hébergement;14;THEME;
heures;14;FORME;
information;12;FORME;
informe;23;FORME;
investissement;19;THEME;
janvier;19;DATE;
jean-pierre;37;NOM;
jeunes;14;THEME;
jour;13;FORME;
jouve;17;NOM;
jugy;15;NOM;
juillet;18;DATE;
juin;11;DATE;
justrabo;15;NOM;
lagrange;12;LIEU;
lauro;25;NOM;
lecture;16;FORME;
locaux;20;FORME;
lors;13;FORME;
madame;53;FORME;
maire;137;FORME;
maires;20;THEME;
mairie;27;FORME;
marché;12;THEME;
marion;15;NOM;
méditerranée;13;LIEU;
membres;89;FORME;
michel;20;NOM;
mise;19;FORME;
mission;11;FORME;
monsieur;156;FORME;
montant;42;FORME;
municipal;145;FORME;
municipale;13;FORME;
municipaux;17;FORME;
myriam;15;NOM;
nouvelle;13;FORME;
novembre;12;DATE;
ordre;11;FORME;
organisation;14;FORME;
part;28;FORME;
partie;16;FORME;
patrice;14;NOM;
pays;11;FORME;
pereira;11;NOM;
périscolaires;14;THEME;
personnel;13;FORME;
philippe;28;NOM;
place;11;LIEU;
plan;17;THEME;
pôle;13;LIEU;
pouleau;28;NOM;
pour;261;FORME;
pouvoir;22;FORME;
pouvoirs;11;FORME;
préfet;13;FORME;
présents;93;FORME;
prévisionnel;13;FORME;
principal;21;FORME;
prises;15;FORME;
projet;28;FORME;
prononcer;16;FORME;
propose;27;FORME;
proposé;14;FORME;
public;15;FORME;
publics;11;FORME;
publique;12;FORME;
questions;16;FORME;
rappelle;12;FORME;
rapporteur;25;FORME;
recettes;21;THEME;
représentés;76;FORME;
réseaux;20;THEME;
résultat;27;FORME;
réunion;28;FORME;
revah;14;NOM;
rythmes;17;THEME;
salado;15;NOM;
salle;31;THEME;
scolaire;48;THEME;
scolaires;43;THEME;
séance;28;FORME;
secrétaire;11;FORME;
section;16;FORME;
sécurité;11;THEME;
septembre;16;DATE;
services;44;THEME;
site;28;THEME;
sociale;12;THEME;
société;11;THEME;
speth;12;NOM;
subvention;13;THEME;
sylviane;26;NOM;
tarifs;11;THEME;
territoire;11;THEME;
total;23;FORME;
toulouse;37;NOM;
travaux;60;THEME;
unanimité;83;FORME;
urbanisme;30;THEME;
verdon;12;LIEU;
vieil;16;THEME;
voie;13;THEME;
voirie;19;THEME;
vote;93;FORME;
yves;18;NOM;
2013;22;DATE;
2014;47;DATE;
2015;30;DATE;
2016;44;DATE;
adjoint;16;FORME;
agence;11;THEME;
aiglun;21;LIEU;
aménagement;14;THEME;
annexe;16;FORME;
assainissement;25;THEME;
association;25;THEME;
audran;11;NOM;
bléone;24;LIEU;
budget;43;THEME;
cadre;19;FORME;
ccabv;14;LIEU;
commission;16;FORME;
commune;53;FORME;
compte;20;FORME;
concernant;16;FORME;
congrès;11;THEME;
conseil;86;FORME;
contrat;19;FORME;
convention;28;FORME;
courrier;24;THEME;
daniel;19;NOM;
délégation;16;FORME;
délégué;13;FORME;
demande;21;FORME;
départemental;17;FORME;
dépenses;27;FORME;
digne;12;LIEU;
disposition;16;FORME;
durée;11;FORME;
élève;27;THEME;
elus;15;FORME;
élus;15;FORME;
entretien;14;THEME;
environnement;11;THEME;
exploitation;17;THEME;
fabienne;15;NOM;
favorable;38;FORME;
financement;13;THEME;
finances;19;THEME;
formation;14;THEME;
indique;17;FORME;
investissement;17;THEME;
jean-pierre;38;NOM;
jour;11;FORME;
journée;14;THEME;
jugy;20;NOM;
juillet;12;DATE;
lauro;14;NOM;
lecture;11;FORME;
locaux;12;FORME;
lors;13;FORME;
madame;16;FORME;
maire;103;FORME;
maires;21;THEME;
mairie;20;FORME;
membres;40;FORME;
michel;12;NOM;
mise;20;FORME;
monsieur;108;FORME;
montant;42;FORME;
municipal;62;FORME;
ordre;11;FORME;
part;18;FORME;
philippe;18;NOM;
place;12;LIEU;
plan;11;THEME;
pouleau;20;NOM;
pour;168;FORME;
pouvoir;14;FORME;
pouvoirs;14;FORME;
présente;11;FORME;
présents;43;FORME;
principal;18;FORME;
prises;16;FORME;
projet;15;FORME;
propose;19;FORME;
rapporteur;18;FORME;
recettes;24;THEME;
région;11;LIEU;
représentés;32;FORME;
réseaux;11;THEME;
résultat;21;FORME;
réunion;18;FORME;
salle;16;THEME;
saur;12;THEME;
scolaires;18;THEME;
séance;21;FORME;
section;17;FORME;
service;19;THEME;
services;26;THEME;
sylviane;14;NOM;
taxe;15;THEME;
total;42;FORME;
toulouse;38;NOM;
travaux;51;THEME;
unanimité;43;FORME;
urbanisme;13;THEME;
voirie;15;THEME;
vote;43;FORME;
